Date,Open,High,Low,Close,Volume,Dividends,Stock Splits,SMA_20,EMA_20,RSI,EMA_12,EMA_26,MACD,Signal_Line,20_SMA,Upper_Band,Lower_Band,MA5,MA20,Price Change,Pct Change,Stock_Type,Daily_Return
2024-11-29 00:00:00-05:00,234.8099975585937,237.8099975585937,233.97000122070312,237.3300018310547,28481400,0.0,0.0,,237.3300018310547,,237.3300018310547,237.3300018310547,0.0,0.0,,,,237.3300018310547,237.3300018310547,0.0,0.0,AAPL,
2024-12-02 00:00:00-05:00,237.2700042724609,240.7899932861328,237.16000366210932,239.58999633789065,48137100,0.0,0.0,,237.5452394031343,,237.67769329364484,237.49740883156107,0.1802844620837618,0.0360568924167523,,,,239.58999633789065,239.58999633789065,2.259994506835966,0.9522582435425696,AAPL,
2024-12-03 00:00:00-05:00,239.8099975585937,242.759994506836,238.8999938964844,242.6499938964844,38861000,0.0,0.0,,238.03140649773908,,238.4426626171586,237.8790817993332,0.5635808178254251,0.1415616774984869,,,,242.6499938964844,242.6499938964844,3.05999755859375,1.277180852859261,AAPL,
2024-12-04 00:00:00-05:00,242.8699951171875,244.1100006103516,241.25,243.009994506836,44383900,0.0,0.0,,238.5055577367007,,239.1453290617244,238.25914940729635,0.8861796544279912,0.2904852728843878,,,,243.009994506836,243.009994506836,0.3600006103515625,0.1483620933059315,AAPL,
2024-12-05 00:00:00-05:00,243.9900054931641,244.5399932861328,242.1300048828125,243.0399932861328,40033900,0.0,0.0,,238.9374087414085,,239.74450817317185,238.61328599091385,1.1312221822579716,0.4586326547591045,,,,241.12399597167968,243.0399932861328,0.0299987792968465,0.0123446689333617,AAPL,
2024-12-06 00:00:00-05:00,242.91000366210932,244.6300048828125,242.0800018310547,242.83999633789065,36870600,0.0,0.0,,239.3090837505973,,240.2207371215901,238.92637564624548,1.2943614753446298,0.6257784188762097,,,,242.2259948730469,242.83999633789065,-0.199996948242159,-0.0822897275209788,AAPL,
2024-12-09 00:00:00-05:00,241.8300018310547,247.2400054931641,241.75,246.75,44649200,0.0,0.0,,240.0177424410166,,241.225239102884,239.5059033761532,1.7193357267307476,0.8444898804471173,,,,243.6579956054688,246.75,3.9100036621093466,1.6101151873964437,AAPL,
2024-12-10 00:00:00-05:00,246.88999938964844,248.2100067138672,245.33999633789065,247.7700042724609,36914800,0.0,0.0,,240.75605309163035,,242.23212605204964,240.118058998102,2.114067053947707,1.0984053151472353,,,,244.68199768066407,247.7700042724609,1.020004272460909,0.4133755916761572,AAPL,
2024-12-11 00:00:00-05:00,247.9600067138672,250.8000030517578,246.259994506836,246.4900054931641,45205800,0.0,0.0,,241.3021437965384,,242.8871844276057,240.5900550347732,2.2971293928324883,1.338150130684286,,,,245.37799987792968,246.4900054931641,-1.2799987792968182,-0.5166076430661359,AAPL,
2024-12-12 00:00:00-05:00,246.88999938964844,248.7400054931641,245.67999267578125,247.9600067138672,32777500,0.0,0.0,,241.93622597914108,,243.66761862549208,241.13597738137275,2.531641244119328,1.5768483533712945,,,,246.36200256347652,247.9600067138672,1.4700012207030966,0.5963735599591624,AAPL,
2024-12-13 00:00:00-05:00,247.82000732421875,249.2899932861328,246.2400054931641,248.1300048828125,33155300,0.0,0.0,,242.52610968425265,,244.3541395881568,241.6540534925905,2.700086095566263,1.8014959018102883,,,,247.42000427246091,248.1300048828125,0.1699981689453125,0.0685587047678515,AAPL,
2024-12-16 00:00:00-05:00,247.9900054931641,251.3800048828125,247.6499938964844,251.0399932861328,51694800,0.0,0.0,,243.33695574157457,,245.38273246476848,242.34930829211217,3.0334241726563107,2.047881555979493,,,,248.2780029296875,251.0399932861328,2.9099884033203125,1.1727676403724852,AAPL,
2024-12-17 00:00:00-05:00,250.0800018310547,253.8300018310547,249.77999877929688,253.47999572753903,51356400,0.0,0.0,,244.30295954976168,,246.6284652744255,243.17380365769927,3.454661616726156,2.3292375681288258,,,,249.4200012207031,253.47999572753903,2.4400024414062216,0.9719576588042456,AAPL,
2024-12-18 00:00:00-05:00,252.16000366210932,254.27999877929688,247.7400054931641,248.0500030517578,56774100,0.0,0.0,,244.65982083566607,71.84191283455579,246.8471633940151,243.5350036128148,3.3121597812003074,2.525822010743122,,,,249.73200073242188,248.0500030517578,-5.429992675781222,-2.1421779893107677,AAPL,
2024-12-19 00:00:00-05:00,247.5,252.0,247.08999633789065,249.7899932861328,60882300,0.0,0.0,,245.14840868809148,73.70625285957485,247.29990645434088,243.9983361812087,3.301570273132171,2.680971663220932,,,,250.097998046875,249.7899932861328,1.739990234375,0.7014675319362729,AAPL,
2024-12-20 00:00:00-05:00,248.0399932861328,255.0,245.69000244140625,254.4900054931641,147495300,0.0,0.0,,246.0380845742889,75.94014003877392,248.4060755372368,244.7754968709832,3.6305786662535695,2.8708930638274595,,,,251.3699981689453,254.4900054931641,4.700012207031278,1.8815854651340835,AAPL,
2024-12-23 00:00:00-05:00,254.7700042724609,255.6499938964844,253.4499969482422,255.2700042724609,40858800,0.0,0.0,,246.91731502173383,73.86538671295861,249.46206457342507,245.5528677896112,3.9091967838139112,3.0785538078247496,,,,252.21600036621092,255.2700042724609,0.7799987792968182,0.3064948573462844,AAPL,
2024-12-24 00:00:00-05:00,255.4900054931641,258.2099914550781,255.2899932861328,258.20001220703125,23234700,0.0,0.0,,247.9918576108098,76.18066283434823,250.8063642093645,246.48969330201265,4.316670907351806,3.3261772277301613,,,,253.16000366210935,258.20001220703125,2.930007934570341,1.1478073747525075,AAPL,
2024-12-26 00:00:00-05:00,258.19000244140625,260.1000061035156,257.6300048828125,259.0199890136719,27237100,0.0,0.0,,249.04215583965384,76.81209808030943,252.0699987946425,247.41786335472813,4.65213543991436,3.591368870167001,,,,255.3540008544922,259.0199890136719,0.819976806640625,0.3175742710589624,AAPL,
2024-12-27 00:00:00-05:00,257.8299865722656,258.70001220703125,253.0599975585937,255.58999633789065,42317100,0.0,0.0,248.5244995117188,249.66575969662875,69.30065433150456,252.6115368782192,248.0232065386661,4.588330339553039,3.790761164044209,248.5244995117188,260.73561703295906,236.3133819904785,256.5140014648438,248.52449951171877,-3.4299926757812216,-1.3242192962953814,AAPL,
2024-11-29 00:00:00-05:00,336.0799865722656,345.45001220703125,334.6499938964844,345.1600036621094,37167600,0.0,0.0,,345.1600036621094,,345.1600036621094,345.1600036621094,0.0,0.0,,,,345.1600036621094,345.1600036621094,0.0,0.0,TSLA,
2024-12-02 00:00:00-05:00,352.3800048828125,360.0,351.1499938964844,357.0899963378906,77986500,0.0,0.0,,346.2961934407552,,346.9953871506912,346.04370682327834,0.9516803274128164,0.1903360654825633,,,,357.0899963378906,357.0899963378906,11.92999267578125,3.4563659025395044,TSLA,
2024-12-03 00:00:00-05:00,351.79998779296875,355.69000244140625,348.20001220703125,351.4200134277344,58267200,0.0,0.0,,346.784176296658,,347.6760988856209,346.44195175694176,1.234147128679126,0.3990982781218759,,,,351.4200134277344,351.4200134277344,-5.66998291015625,-1.5878302299992542,TSLA,
2024-12-04 00:00:00-05:00,353.0,358.1000061035156,348.6000061035156,357.92999267578125,50810900,0.0,0.0,,347.8456826184792,,349.253621007184,347.29291775092986,1.9607032562541349,0.7114192737483278,,,,357.92999267578125,357.92999267578125,6.509979248046875,1.8524782309774723,TSLA,
2024-12-05 00:00:00-05:00,359.8699951171875,375.4299926757813,359.5,369.489990234375,81403600,0.0,0.0,,349.9070452485645,,352.366908580598,348.93714534229616,3.4297632383018595,1.255088066659034,,,,356.21799926757814,369.489990234375,11.55999755859375,3.2296811653515167,TSLA,
2024-12-06 00:00:00-05:00,377.4200134277344,389.489990234375,370.7999877929688,389.2200012207031,81455800,0.0,0.0,,353.65113629353004,,358.0366151406142,351.92106059254854,6.115554548065632,2.2271813629403536,,,,365.0299987792969,389.2200012207031,19.730010986328125,5.3397958017247005,TSLA,
2024-12-09 00:00:00-05:00,397.6099853515625,404.7999877929688,378.010009765625,389.7900085449219,96359200,0.0,0.0,,357.0929336508055,,362.9217525874307,354.7261678482799,8.195584739150831,3.4208620381824493,,,,371.5700012207032,389.7900085449219,0.57000732421875,0.1464486209421522,TSLA,
2024-12-10 00:00:00-05:00,392.6799926757813,409.7300109863281,390.8500061035156,400.989990234375,97563600,0.0,0.0,,361.27360570638353,,368.7784045331144,358.1531176546573,10.625286878457132,4.861747006237386,,,,381.4839965820312,400.989990234375,11.199981689453123,2.873337295448497,TSLA,
2024-12-11 00:00:00-05:00,409.7000122070313,424.8800048828125,402.3800048828125,424.7699890136719,104287600,0.0,0.0,,367.3208803070777,,377.3924944532002,363.087700718288,14.30479373491221,6.750356351972352,,,,394.85199584960935,424.7699890136719,23.779998779296875,5.930322291934931,TSLA,
2024-12-12 00:00:00-05:00,424.8399963378906,429.2999877929688,415.0,418.1000061035156,87752200,0.0,0.0,,372.15698752578606,,383.6551885532487,367.1626863023789,16.49250225086979,8.69878553175184,,,,404.5739990234375,418.1000061035156,-6.66998291015625,-1.5702575706076027,TSLA,
2024-12-13 00:00:00-05:00,420.0,436.2999877929688,415.7099914550781,436.2300109863281,89000200,0.0,0.0,,378.2591802363139,,391.7436227737225,372.2787844271159,19.46483834660654,10.85199609472278,,,,413.9760009765625,436.2300109863281,18.1300048828125,4.336284290396253,TSLA,
2024-12-16 00:00:00-05:00,441.0899963378906,463.1900024414063,436.1499938964844,463.0199890136719,114083800,0.0,0.0,,386.33163821510993,,402.70921757986855,379.0003551372312,23.708862442637383,13.4233693643057,,,,428.6219970703125,463.0199890136719,26.78997802734375,6.141250567967771,TSLA,
2024-12-17 00:00:00-05:00,475.8999938964844,483.989990234375,457.510009765625,479.8599853515625,131223000,0.0,0.0,,395.239099847153,,414.5785664678215,386.4714388568113,28.107127611010185,16.360121013646598,,,,444.39599609375,479.8599853515625,16.839996337890625,3.636991217973829,TSLA,
2024-12-18 00:00:00-05:00,466.5,488.5400085449219,427.010009765625,440.1300048828125,149340800,0.0,0.0,,399.5144241362634,73.84863941433684,418.5095569932047,390.4461474513299,28.06340954187476,18.70077871929223,,,,447.4679992675781,440.1300048828125,-39.72998046875,-8.27949436951747,TSLA,
2024-12-19 00:00:00-05:00,451.8800048828125,456.3599853515625,420.0199890136719,436.1700134277344,118566100,0.0,0.0,,403.005432640213,72.40854414524134,421.2265502908246,393.8331004866191,27.39344980420549,20.439312936274884,,,,451.0820007324219,436.1700134277344,-3.959991455078125,-0.8997322180141931,TSLA,
2024-12-20 00:00:00-05:00,425.510009765625,447.0799865722656,417.6400146484375,421.05999755859375,132216200,0.0,0.0,,404.72491501339215,65.50788596763405,421.2009267935583,395.8499076771358,25.35101911642255,21.42165417230442,,,,448.047998046875,421.05999755859375,-15.110015869140623,-3.4642491239586515,TSLA,
2024-12-23 00:00:00-05:00,431.0,434.510009765625,415.4100036621094,430.6000061035156,72698100,0.0,0.0,,407.1892094029277,68.84161848367734,422.64693899509024,398.4239890420528,24.22294995303741,21.98191332845102,,,,441.5640014648437,430.6000061035156,9.540008544921877,2.265712392589436,TSLA,
2024-12-24 00:00:00-05:00,435.8999938964844,462.7799987792969,435.1400146484375,462.2799987792969,59551800,0.0,0.0,,412.4359512482962,72.17476930228491,428.7443328080451,403.1540638374042,25.590268970640864,22.70358445688899,,,,438.0480041503906,462.2799987792969,31.67999267578125,7.357174228224572,TSLA,
2024-12-26 00:00:00-05:00,465.1600036621094,465.3299865722656,451.0199890136719,454.1300048828125,76366400,0.0,0.0,,416.40681349920254,68.25082696760646,432.64982081954776,406.9300594703975,25.719761349150303,23.30681983534125,,,,440.8480041503906,454.1300048828125,-8.149993896484375,-1.7629994630971146,TSLA,
2024-12-27 00:00:00-05:00,449.5199890136719,450.0,426.5,431.6600036621094,82330900,0.0,0.0,412.95500030517576,417.8594982766222,59.04441530244565,432.4975412568649,408.761907188302,23.735634068562888,23.39258268198558,412.95500030517576,494.37262639715743,331.5373742131941,439.9460021972656,412.95500030517576,-22.470001220703125,-4.947922616674816,TSLA,
2024-12-04 00:00:00-05:00,215.9600067138672,220.0,215.75,0.0,48745700,0.0,0.0,,218.16000366210932,,218.16000366210932,218.16000366210932,0.0,0.0,,,,,,,,AMZN,
2024-12-05 00:00:00-05:00,218.02999877929688,222.1499938964844,217.3000030517578,0.1618145678670544,41140200,0.0,0.0,,218.3876226515997,,218.52769587590143,218.3370406539352,0.1906552219662387,0.0381310443932477,,,,,,,,AMZN,0.0109552592112629
2024-12-06 00:00:00-05:00,220.75,227.1499938964844,220.6000061035156,0.600541754565759,44178100,0.0,0.0,,219.2107060923328,,219.83574247642383,218.98096347803607,0.8547789983877578,0.2014606351921498,,,,,,,,AMZN,0.0293810729443444
2024-12-09 00:00:00-05:00,227.2100067138672,230.0800018310547,225.6699981689453,0.5368990233128041,46819400,0.0,0.0,,219.8658765919097,,220.797935378188,219.507558504692,1.2903768734959726,0.4192438828529144,,,,,,,,AMZN,-0.0041404327465993
2024-12-10 00:00:00-05:00,226.08999633789065,229.0599975585937,224.1999969482422,0.4658087164218578,31199900,0.0,0.0,,220.3586496104072,,221.450559671718,219.91736848850243,1.5331911832155072,0.642033342925433,,,,,,,,AMZN,-0.0046441818247836
2024-12-11 00:00:00-05:00,226.41000366210932,231.1999969482422,226.259994506836,0.8192281547079148,35385800,0.0,0.0,,221.30163483863848,,222.8058573386592,220.6834889343049,2.122368404354262,0.9381003552111988,,,,,,,,AMZN,0.0231958824050713
2024-12-12 00:00:00-05:00,229.8300018310547,231.08999633789065,227.6300048828125,0.7318893432207325,28204100,0.0,0.0,,222.03195544645416,,223.754187166666,221.2973046592233,2.4568825074426286,1.2418567856574847,,,,,,,,AMZN,-0.0056023335225717
2024-12-13 00:00:00-05:00,228.3999938964844,230.1999969482422,225.8600006103516,0.629655380457578,28768100,0.0,0.0,,222.5489127100173,,224.3243132508508,221.75380110771545,2.5705121431352893,1.5075878571530457,,,,,,,,AMZN,-0.0065947263780657
2024-12-16 00:00:00-05:00,230.22999572753903,233.0,228.009994506836,1.0,37552100,0.0,0.0,,223.537586992471,,225.64826393160928,222.5816671497944,3.0665967818148943,1.819389642085416,,,,,,,,AMZN,0.0240481218695953
2024-12-17 00:00:00-05:00,232.38999938964844,232.72999572753903,227.8500061035156,0.8794854364719438,35948100,0.0,0.0,,224.26257812618653,,226.49468392620545,223.2163580199196,3.2783259062858576,2.111176894925504,,,,,,,,AMZN,-0.0076417757921559
2024-12-18 00:00:00-05:00,230.7700042724609,231.3999938964844,220.1100006103516,0.1597835047925233,43281400,0.0,0.0,,223.90614252106985,,225.575502441014,223.0166281127004,2.5588743283135784,2.2007163816031188,,,,,,,,AMZN,-0.0459874103599756
2024-12-19 00:00:00-05:00,224.91000366210932,226.08999633789065,222.9199981689453,0.3473252159683309,39918700,0.0,0.0,,223.84746164155203,,225.2238856479553,223.0368773848065,2.18700826314884,2.197974757912263,,,,,,,,AMZN,0.0125611688735933
2024-12-20 00:00:00-05:00,219.83999633789065,226.2100067138672,218.72999572753903,0.4576844641237407,88279200,0.0,0.0,,223.94960797749425,,225.1771337281077,223.17636781326124,2.0007659148464256,2.158532989299096,,,,,,,,AMZN,0.0072999459529015
2024-12-23 00:00:00-05:00,225.009994506836,226.8800048828125,223.8999938964844,0.4671631028362544,28070000,0.0,0.0,,224.0553593661704,58.35351214829932,225.15911277895168,223.31589594254515,1.8432168364065544,2.095469758720588,,,,,,,,AMZN,0.0006224408269079
2024-12-24 00:00:00-05:00,226.94000244140625,229.13999938964844,226.1300048828125,0.7373058557841912,15007500,0.0,0.0,,224.53103971717871,62.02253073743912,225.75771128246032,223.74064461730163,2.017066665158694,2.0797891400082085,,,,,,,,AMZN,0.0177286303050159
2024-12-26 00:00:00-05:00,228.5,228.5,226.6699981689453,0.6018961409801591,16146700,0.0,0.0,,224.77094098713863,57.238313253339605,225.9565254008138,223.9857822791132,1.9707431217006213,2.057979936346692,,,,,,,,AMZN,-0.0087317178491722
2024-12-27 00:00:00-05:00,225.6000061035156,226.02999877929688,220.8999938964844,0.3784699049346773,27367100,0.0,0.0,,224.67370851217305,46.06903034204289,225.6170599545348,223.9683169251048,1.6487430294299656,1.9761325549633464,,,,,,,,AMZN,-0.0145342568042403
2024-12-30 00:00:00-05:00,220.0599975585937,223.0,218.42999267578125,0.2125932109185662,28321200,0.0,0.0,,224.3524032302288,44.45986914068912,224.9528973541076,223.7706640455976,1.18223330850995,1.817352705672667,,,,,,,,AMZN,-0.0109497070312499
2024-12-31 00:00:00-05:00,222.97000122070312,223.22999572753903,218.94000244140625,0.0832766853381219,24819700,0.0,0.0,,223.87979334064968,43.59265334939159,224.09706689803693,223.44617036737915,0.650896530657775,1.5840614706696887,,,,,,,,AMZN,-0.0086308343234078
2025-01-02 00:00:00-05:00,222.02999877929688,225.1499938964844,218.19000244140625,0.1394718409530924,33956600,0.0,0.0,225.1094993591309,223.53124171017856,37.355161491549815,223.50059525537017,223.2071948750328,0.2934003803373741,1.3259292526032258,225.1094993591309,233.50785252201496,216.7111461962468,,,,,AMZN,0.0037832254586069
2025-01-03 00:00:00-05:00,222.509994506836,225.3600006103516,221.6199951171875,0.4082602074866273,27485000,0.0,0.0,225.4109992980957,223.5939808274384,44.360545457033055,223.6066578993757,223.2799954355049,0.3266624638708038,1.1260758948567415,225.4109992980957,233.16729433272965,217.65470426346167,,,,,AMZN,0.0180274325615157
2024-12-04 00:00:00-05:00,172.58421037119035,176.2300682189443,172.55424558548813,0.0739362643791574,18239800,0.0,0.0,,175.8904571533203,,175.8904571533203,175.8904571533203,0.0,0.0,,,,,,,,GOOG,
2024-12-05 00:00:00-05:00,177.119071409662,177.5086288588593,173.8128094406053,0.0,16145500,0.0,0.0,,175.72112528483075,,175.6169210580679,175.75875458893952,-0.1418335308716223,-0.0283667061743244,,,,,,,,GOOG,-0.0101084768776897
2024-12-06 00:00:00-05:00,173.68296556469517,176.63861208568355,173.35333768886213,0.0905513334885812,13319500,0.0,0.0,,175.77530464293466,,175.72047297912235,175.79810673382713,-0.0776337547047774,-0.038220115880415,,,,,,,,GOOG,0.0125064906554279
2024-12-09 00:00:00-05:00,175.71499633789062,178.0399932861328,175.39999389648438,0.124234523429564,19887800,0.2,0.0,,175.90146668679952,,175.9327088444136,175.8945437241744,0.0381651202391992,-0.0229430686564921,,,,,,,,GOOG,0.0045946878401073
2024-12-10 00:00:00-05:00,184.53500366210932,188.02999877929688,182.6699981689453,0.5163742664083726,34317400,0.0,0.0,,176.91370783846594,,177.56306114208795,176.68235520973906,0.8807059323488886,0.1577867315445839,,,,,,,,GOOG,0.0532467100552744
2024-12-11 00:00:00-05:00,186.6999969482422,196.88999938964844,186.259994506836,0.9397028767515324,41664500,0.0,0.0,,178.7990696361232,,180.50874507620784,178.1658849507856,2.3428601254222485,0.5948014103201169,,,,,,,,GOOG,0.0545757143686862
2024-12-12 00:00:00-05:00,196.3000030517578,196.7050018310547,193.27999877929688,0.8116231244198069,25197800,0.0,0.0,,180.21153965961744,,182.52740043107008,179.31137531612092,3.216025114949161,1.1190461512459258,,,,,,,,GOOG,-0.0156575757507589
2024-12-13 00:00:00-05:00,192.7100067138672,194.33999633789065,191.259994506836,0.7180584259054221,18883200,0.0,0.0,,181.27520301420745,,183.889339577492,180.2053478766166,3.6839917008753673,1.632035261171814,,,,,,,,GOOG,-0.0116200998980593
2024-12-16 00:00:00-05:00,194.3650054931641,200.63999938964844,194.1100006103516,1.0,32248600,0.0,0.0,,182.8832792663885,,186.0848263597408,181.53532237924568,4.549503980495132,2.215529005036478,,,,,,,,GOOG,0.0354268920802276
2024-12-17 00:00:00-05:00,198.52999877929688,202.8800048828125,196.69000244140625,0.9567519617964456,24129500,0.0,0.0,,184.23915696646463,,187.78254463011723,182.68974258205617,5.09280204806106,2.7909836136413944,,,,,,,,GOOG,-0.0052483272391092
2024-12-18 00:00:00-05:00,196.8300018310547,198.69000244140625,189.27999877929688,0.6669092671920138,27638400,0.0,0.0,,184.80209381694272,,188.14676759417367,183.24235379053232,4.904413803641404,3.2136696516413963,,,,,,,,GOOG,-0.0353591791464861
2024-12-19 00:00:00-05:00,193.27999877929688,194.6000061035156,189.5200042724609,0.6481964543943803,26981200,0.0,0.0,,185.2685607818284,,188.3857259563381,183.72069772814044,4.665028228197684,3.5039413669526542,,,,,,,,GOOG,-0.0023665367482851
2024-12-20 00:00:00-05:00,187.009994506836,194.134994506836,186.3699951171875,0.7837617125608922,45319700,0.0,0.0,,186.00107944202256,,189.08946145749644,184.4050909863424,4.68437047115404,3.7400271877929314,,,,,,,,GOOG,0.0171850807489177
2024-12-23 00:00:00-05:00,194.02999877929688,196.4900054931641,191.6300048828125,0.9097621224648318,15235900,0.0,0.0,,186.95240573260747,69.61485175288853,190.1510836168299,185.26323280166253,4.887850815167383,3.9695919132678217,,,,,,,,GOOG,0.0157027294458482
2024-12-24 00:00:00-05:00,196.1699981689453,197.6699981689453,195.197998046875,0.9754654091203,6809800,0.0,0.0,,187.9636058841895,70.52383787798813,191.29245649488973,186.1748457292593,5.117610765630445,4.199195683740347,,,,,,,,GOOG,0.0080616449143871
2024-12-26 00:00:00-05:00,196.7400054931641,198.16000366210932,195.8699951171875,0.9559207324463088,7907900,0.0,0.0,,188.83373923841103,72.31472103173392,192.1859256654476,186.98411686809308,5.20180879735446,4.3997183064631695,,,,,,,,GOOG,-0.0023789097701042
2024-12-27 00:00:00-05:00,196.47000122070312,196.8000030517578,191.9720001220703,0.8286722094647203,14693000,0.0,0.0,,189.32957295724168,66.94023154085139,192.47116683786064,187.5067743805405,4.964392457320201,4.512653136634576,,,,,,,,GOOG,-0.0155251787043358
2024-12-30 00:00:00-05:00,190.8650054931641,193.77999877929688,190.3600006103516,0.7725337710718243,12209500,0.0,0.0,,189.64961386049544,64.72698800918582,192.5048338537908,187.89071719986384,4.614116653926914,4.532945840093044,,,,,,,,GOOG,-0.0069572814442219
2024-12-31 00:00:00-05:00,192.44500732421875,193.25,189.5800018310547,0.6789690725574395,14355200,0.0,0.0,,189.72488896343933,54.27322519556251,192.18716748265467,188.0795531436818,4.107614338972866,4.4478795398690085,,,,,,,,GOOG,-0.0116767864003956
2025-01-02 00:00:00-05:00,191.4850006103516,193.1999969482422,188.7100067138672,0.6868701930672945,17545200,0.0,0.0,189.90964889526367,189.8110904795701,41.49888482054507,191.94760400575584,188.2684754947285,3.6791285110273577,4.294129334100679,189.90964889526367,205.61581381385363,174.2034839766737,,,,,GOOG,0.0009977023680447
2025-01-03 00:00:00-05:00,192.7250061035156,194.5,191.3500061035156,0.7908309691943867,12864800,0.0,0.0,190.7716262817383,190.12717756559323,49.28936942813844,192.1295118329953,188.6285887827347,3.5009230502606385,4.135488077332671,190.7716262817383,205.06715398452585,176.47609857895074,,,,,GOOG,0.0131144097779194
2024-12-04 00:00:00-05:00,433.0299987792969,439.6700134277344,432.6300048828125,0.5250842890630061,26009400,0.0,0.0,,437.4200134277344,,437.4200134277344,437.4200134277344,0.0,0.0,,,,,,,,MSFT,
2024-12-05 00:00:00-05:00,437.9200134277344,444.6600036621094,436.1700134277344,0.6700112952447697,21697800,0.0,0.0,,437.91524977911087,,438.2200106107272,437.80519725658274,0.4148133541444281,0.0829626708288856,,,,,,,,MSFT,0.0118878458457003
2024-12-06 00:00:00-05:00,442.2999877929688,446.1000061035156,441.7699890136719,0.6964887779021485,18821000,0.0,0.0,,438.4537981167402,,439.0430870281874,438.23222022455576,0.8108668036316544,0.2285434973894394,,,,,,,,MSFT,0.0021463382077435
2024-12-09 00:00:00-05:00,442.6000061035156,448.3299865722656,440.5,0.764771424391606,19144400,0.0,0.0,,439.17438772597177,,440.1164565644158,438.8090919867125,1.3073645777033107,0.4443077134522137,,,,,,,,MSFT,0.0055233258538651
2024-12-10 00:00:00-05:00,444.3900146484375,449.6199951171875,441.6000061035156,0.6897992372307602,18469500,0.0,0.0,,439.57015904466647,,440.6108457963927,439.1439730671239,1.4668727292688573,0.6488207166155424,,,,,,,,MSFT,-0.0060311253030496
2024-12-11 00:00:00-05:00,444.0499877929688,450.3500061035156,444.0499877929688,0.847547366881118,19200200,0.0,0.0,,440.4672858246387,,441.8999449406977,439.8733076721054,2.0266372685922533,0.9243840270108846,,,,,,,,MSFT,0.0127670219329654
2024-12-12 00:00:00-05:00,449.1099853515625,456.1600036621094,449.1099853515625,0.8634338564755435,20834800,0.0,0.0,,441.33325837072965,,443.0784145742201,440.5908402562897,2.487574317930409,1.2370220851947895,,,,,,,,MSFT,0.0012695323651228
2024-12-13 00:00:00-05:00,448.4400024414063,451.4299926757813,445.5799865722656,0.79960976970629,20177800,0.0,0.0,,441.8986612891051,,443.72327218028965,441.0855920160958,2.6376801641938528,1.5171537009946023,,,,,,,,MSFT,-0.0050938885963122
2024-12-16 00:00:00-05:00,447.2699890136719,452.1799926757813,445.2799987792969,0.9200112952447695,23598800,0.0,0.0,,442.8216455794656,,444.9335374353052,441.8636960399325,3.069841395372748,1.827691239870232,,,,,,,,MSFT,0.0096586120918715
2024-12-17 00:00:00-05:00,451.010009765625,455.2900085449219,449.5700073242188,1.0,22733500,0.0,0.0,,443.9300594723811,,446.3991457460395,442.79675495957287,3.6023907864666285,2.182631149189511,,,,,,,,MSFT,0.0063553115446783
2024-12-18 00:00:00-05:00,451.3200073242188,452.6499938964844,437.0199890136719,0.5242482027972741,24444500,0.0,0.0,,443.307198060577,,445.0131255771776,442.39625567726654,2.61686989991108,2.269478899333825,,,,,,,,MSFT,-0.0375610111508086
2024-12-19 00:00:00-05:00,441.6199951171875,443.1799926757813,436.3200073242188,0.5142143170629652,22963700,0.0,0.0,,442.7093695575979,,443.7849522236575,441.9987551663058,1.7861970573516146,2.172822530937383,,,,,,,,MSFT,-0.0008231003385616
2024-12-20 00:00:00-05:00,433.1099853515625,443.739990234375,428.6300048828125,0.5022301304056427,64263700,0.0,0.0,,442.12752541911385,,442.67957589748175,441.59884782832137,1.0807280691603864,1.954403638581984,,,,,,,,MSFT,-0.0009838973914428
2024-12-23 00:00:00-05:00,436.739990234375,437.6499938964844,432.8299865722656,0.4646045473566751,19152500,0.0,0.0,,441.4725229982459,47.6520084083505,441.5365642209461,441.12856280400126,0.4080014169448418,1.6451231942545557,,,,,,,,MSFT,-0.0030920890623981
2024-12-24 00:00:00-05:00,434.6499938964844,439.6000061035156,434.1900024414063,0.5783165322237682,7164500,0.0,0.0,,441.2684719100573,51.89896001097153,441.1970907365337,440.9953349349838,0.2017558015498934,1.3564497157136233,,,,,,,,MSFT,0.0093738921821151
2024-12-26 00:00:00-05:00,439.0799865722656,440.9400024414063,436.6300048828125,0.5443142731748143,8194200,0.0,0.0,,440.9676636663911,45.13063052970505,440.7221514465381,440.7816053362119,-0.0594538896737617,1.0732689946361462,,,,,,,,MSFT,-0.0027769586825197
2024-12-27 00:00:00-05:00,434.6000061035156,435.2200012207031,426.3500061035156,0.3330549214266032,18117700,0.0,0.0,,439.9736003438107,37.68415615738871,439.1541279592702,440.0222270727367,-0.868099113466485,0.68499537301562,,,,,,,,MSFT,-0.0173015608539098
2024-12-30 00:00:00-05:00,426.05999755859375,427.5499877929688,421.8999938964844,0.174191726573424,13158700,0.0,0.0,,438.5313514131874,31.14433037843098,436.9504138997311,438.8968759245537,-1.9464620248226083,0.1587038934479743,,,,,,,,MSFT,-0.0132395238965757
2024-12-31 00:00:00-05:00,426.1000061035156,426.7300109863281,420.6600036621094,0.081382748895141,13246500,0.0,0.0,,436.9093179452648,30.79360220813497,434.5734271459263,437.6082184486608,-3.0347913027345044,-0.4799951457885215,,,,,,,,MSFT,-0.0078383981298815
2025-01-02 00:00:00-05:00,425.5299987792969,426.0700073242188,414.8500061035156,0.0,16896500,0.0,0.0,439.19899597167966,435.1636673383125,21.889438231661657,432.1128978269016,436.1987197911501,-4.085821964248453,-1.2011605094805078,439.19899597167966,458.686653825854,419.7113381175053,,,,,MSFT,-0.0069276712401764
2025-01-03 00:00:00-05:00,421.0799865722656,424.0299987792969,419.5400085449219,0.1329436700699826,16640200,0.0,0.0,438.4954956054688,434.0385567445223,27.51759511676937,430.7647606386884,435.2469632216957,-4.482202583007279,-1.8573689241858624,438.4954956054688,459.2295473672741,417.7614438436634,,,,,MSFT,0.0113957181047079
